ID,Name,Description,Addresses,Type,Subsidiary ID,Exchange Connection ID,Connection ID,Network ID
"OA22N5lsoDwyPQoOE7xE","Aptos - Do Kwon","","0x5aba5dd7021e53e8ee3aab8e0759ff3a634cb52c83c149dbea812c064f5c1b4b","9","","","","apt"
"andkqueGsZgGJKiJWP5T","Aptos Mainnet Wallet 1","","0xca78412b2d681145a88a771b4f7d5ea36bb949b7352d9415c4c1f46a7ac7acf7","9","","","","apt"
"apt.0x.0xca78412b2d681145a88a771b4f7d5ea36bb949b7352d9415c4c1f46a7ac7acf7","Aptos Mainnet Wallet 1 vesting tokens","","","22","","","",""
"suQDAlfgAQafSGqrSVzM","Aptos Mainnet Wallet 10","","0x03150576115e2c791261359f0d71dec72799f7ed87620f609420d6e03265e7e7","9","","","","apt"
"apt.0x.0x03150576115e2c791261359f0d71dec72799f7ed87620f609420d6e03265e7e7","Aptos Mainnet Wallet 10 vesting tokens","","","22","","","",""
"CmFK9X9GYYKcdK1VR9vW","Aptos Mainnet Wallet 100","","0x2db22014a577bca5d9e17fefbad3d14c94249f6be5069a6910706d88071a458c","9","","","","apt"
"apt.0x.0x2db22014a577bca5d9e17fefbad3d14c94249f6be5069a6910706d88071a458c","Aptos Mainnet Wallet 100 Staked Balance","","","22","","","",""
"jDwokH35UobCgSkx0rbh","Aptos Mainnet Wallet 102","","0x49b1cf68f684f08393c813f42623626a0cbb45bb65aa3e34fdf89519573575ee","9","","","","apt"
"apt.0x.0x49b1cf68f684f08393c813f42623626a0cbb45bb65aa3e34fdf89519573575ee","Aptos Mainnet Wallet 102 vesting tokens","","","22","","","",""
"kp5SnhBLzUq3KlYa0NfA","Aptos Mainnet Wallet 103","","0x6151a52845b113c7db63c9d5b7d0c73e12db1018bb85ae625c382b521f508f76","9","","","","apt"
"apt.0x.0x6151a52845b113c7db63c9d5b7d0c73e12db1018bb85ae625c382b521f508f76","Aptos Mainnet Wallet 103 vesting tokens","","","22","","","",""
"RPB5Nu6gJMR167KoLXg8","Aptos Mainnet Wallet 104","","0x14feff5a873d3c6ce8694ce984eb179318fca2b4ac7b39bda2417be45eb6f7d8","9","","","","apt"
"apt.0x.0x14feff5a873d3c6ce8694ce984eb179318fca2b4ac7b39bda2417be45eb6f7d8","Aptos Mainnet Wallet 104 vesting tokens","","","22","","","",""
"PAqxUKTcV8qLUwU1mF3i","Aptos Mainnet Wallet 105","","0xced7fd303286dd08181a4519b472350ea4c79468acf50a8eb657dd249ddf9bbc","9","","","","apt"
"apt.0x.0xced7fd303286dd08181a4519b472350ea4c79468acf50a8eb657dd249ddf9bbc","Aptos Mainnet Wallet 105 vesting tokens","","","22","","","",""
"f3F0bCUVpVxnQXJ9bc2Y","Aptos Mainnet Wallet 106","","0xfe538f0ea4514e360e636ee62df8d19cb9ed46c31296b7920c69e8b67685fa0d","9","","","","apt"
"apt.0x.0xfe538f0ea4514e360e636ee62df8d19cb9ed46c31296b7920c69e8b67685fa0d.0x","Aptos Mainnet Wallet 106 vesting wallets","","","22","","","",""
"imacMwU1ZKdH8y7JGQE3","Aptos Mainnet Wallet 108","","0xfeba00184ee586791e741485ca7579e32168fcd78224f65d7add9defe9abbe52","9","","","","apt"
"apt.0xc4599c79e78aa795b14633f035ae9755dee9600927624d11a8064acc6f305486.0xc4599c79e78aa795b14633f035ae9755dee9600927624d11a8064acc6f305486.382436115963136","Aptos Mainnet Wallet 108 vesting tokens","","","22","","","",""
"Rbivs54KbiftgY86yiw1","Aptos Mainnet Wallet 109","","0x53f6882b38de7d94dad91359d28647a5245985eda0d3953e3c23aaaa2dc2016e","9","","","","apt"
"apt.0x.0x53f6882b38de7d94dad91359d28647a5245985eda0d3953e3c23aaaa2dc2016e","Aptos Mainnet Wallet 109 vesting tokens","","","22","","","",""
"nIzAZ6DcNvI7VGu684zt","Aptos Mainnet Wallet 110","","0x7664cec5d893f8ca41d69621a31920a9310488405936e346749035feb2abad81","9","","","","apt"
"apt.0x1.0x9189f547224e8136338649c3bc3ea3af5ae81e165c83fb3afcd356b0b00ad4be.382436115963136","Aptos Mainnet Wallet 110 vesting tokens","","","22","","","",""
"pXKIhJyuuyE0Z0t76UrQ","Aptos Mainnet Wallet 113","","0xa162e0449405eeae3b492eb9cd24534d32e0bdb1cc92c1083cfbd6d712efb89b","9","","","","apt"
"apt.0x1.0x4a37786aa960a0fa8b5d547182b61d41be313aedc6c8a6a62b2ebc8a9496db5a.382436115963136","Aptos Mainnet Wallet 113 vesting tokens","","","22","","","",""
"Bq2e52546c5wjIl1B76b","Aptos Mainnet Wallet 114","","0xe3dab0aa348eee08c8e0cc9ecf56650ad9f9a98b78224ca045abd50bea3503dd","9","","","","apt"
"apt.0x.0xe3dab0aa348eee08c8e0cc9ecf56650ad9f9a98b78224ca045abd50bea3503dd","Aptos Mainnet Wallet 114 Staked Balance","","","22","","","",""
"izT2HH8HFRYysabO2vI2","Aptos Mainnet Wallet 115","","0xf8174d6de06b5ff961279015d5c080902ff19f20bcb2d1bc109d9efa4eeee2e8","9","","","","apt"
"4nzac2QDRAnTXgHDG4zn","Aptos Mainnet Wallet 118","","0xac426d1b7372f4bfee01c1908ab50ababe8fd5330f593d56926d25d38e53e21b","9","","","","apt"
"apt.0x.0xac426d1b7372f4bfee01c1908ab50ababe8fd5330f593d56926d25d38e53e21b","Aptos Mainnet Wallet 118 vesting tokens","","","22","","","",""
"dXnkhsINhrRBJNARcCBN","Aptos Mainnet Wallet 119","","0xe266a1b119c6c149a76a66cfd017514bdd8f9191cf53a8d3c40baaca405f16de","9","","","","apt"
"jfG5i7Q9gOoUwEaYhVtt","Aptos Mainnet Wallet 126","","0xc466f174b6533c1516b9389ec50e7d518369f08cbef8815a7308a6462ed5fb0b","9","","","","apt"
"vhYBmsgDWKRAjnqWZYAg","Aptos Mainnet Wallet 127","","0x07f8a3e094c96db6e44442e1c35a1fd0314694db111895ac3adc462f891e8504","9","","","","apt"
"apt.0x.0x07f8a3e094c96db6e44442e1c35a1fd0314694db111895ac3adc462f891e8504","Aptos Mainnet Wallet 127 vesting tokens","","","22","","","",""
"oIkaD1vdQjuIw6j4yYRO","Aptos Mainnet Wallet 128","","0xecc2110cd190b2101709b5d51674379ee8005cffa29f2d3344c083cbff25b13d","9","","","","apt"
"aTT9KGt9djnwZxKwEoDq","Aptos Mainnet Wallet 130","","0xfcc0da16fd27ff72a0d3d82b9b2b2a6a238814f3f0440362b2462ab3d2dd975b","9","","","","apt"
"apt.0x.0xfcc0da16fd27ff72a0d3d82b9b2b2a6a238814f3f0440362b2462ab3d2dd975b","Aptos Mainnet Wallet 130 vesting tokens","","","22","","","",""
"tAHJwuE9q3SSLCVaqRnJ","Aptos Mainnet Wallet 132","","0xe6b117052a39340772791e1318720a574f7fad8fb337bb81b3653c381bf1375b","9","","","","apt"
"apt.0x.0xe6b117052a39340772791e1318720a574f7fad8fb337bb81b3653c381bf1375b","Aptos Mainnet Wallet 132 vesting tokens","","","22","","","",""
"lmemMahr22h1iMOGTCQ4","Aptos Mainnet Wallet 137","","0x4c58a38833d6527902c12287c65b83103ae08374e1191ff7fe74b07d43a4dd55","9","","","","apt"
"apt.0x.0x4c58a38833d6527902c12287c65b83103ae08374e1191ff7fe74b07d43a4dd55","Aptos Mainnet Wallet 137 Staked Balance","","","22","","","",""
"uKQ3auT3XFDn1qJD8Kyk","Aptos Mainnet Wallet 138","","0x94cb091c5fcba2a168f0b5cf0828405bcce298573a6cc881646210ed5cade8e1","9","","","","apt"
"apt.0x.0x94cb091c5fcba2a168f0b5cf0828405bcce298573a6cc881646210ed5cade8e1","Aptos Mainnet Wallet 138 vesting tokens","","","22","","","",""
"eTTW2SaDt6DdZicVhDhy","Aptos Mainnet Wallet 139","","0x81621cf9fa1a44495a5a8f12ad2b44280c8e91292c7f381cb3d5d7c19575bd21","9","","","","apt"
"apt.0x.0x81621cf9fa1a44495a5a8f12ad2b44280c8e91292c7f381cb3d5d7c19575bd21","Aptos Mainnet Wallet 139 vesting tokens","","","22","","","",""
"XHS7WPiVYNI6pCBpXJb8","Aptos Mainnet Wallet 140","","0xfd19d127572992c7987f6b0de55d2d83f874fb0097626f2859e01d62bc547728","9","","","","apt"
"apt.0x.0xfd19d127572992c7987f6b0de55d2d83f874fb0097626f2859e01d62bc547728","Aptos Mainnet Wallet 140 vesting tokens","","","22","","","",""
"AguVNHjFRhnTIaJ1da3y","Aptos Mainnet Wallet 141","","0x406daf87d651396bed15d8b4b55664a5639e5e1205292e14405307e85f56d37a","9","","","","apt"
"dQl0EX1Qldxd9y9BWojN","Aptos Mainnet Wallet 144","","0xfadb6980891ab838639e617255324332ba75f58714b2ee281b5984d0819202df","9","","","","apt"
"apt.0x1.0x6c84007e93701be49838cde2be39a26f4acfffb3b45d028080649809c8d77952.382436115963136","Aptos Mainnet Wallet 144 vesting tokens","","","22","","","",""
"HgsJnMOT91G2BRKMdc62","Aptos Mainnet Wallet 148","","0x2eecfeafdec570ebeb171cbec071ebd3eed699af62d3466f282e4f30f7d40c47","9","","","","apt"
"apt.0x.0x2eecfeafdec570ebeb171cbec071ebd3eed699af62d3466f282e4f30f7d40c47","Aptos Mainnet Wallet 148 vesting tokens","","","22","","","",""
"NZKUmXCEt5yRMyP3tJ4a","Aptos Mainnet Wallet 151","","0xa7c35b85a72c967777d3fcffd739368af9a2c676e23797c66357769b2cbbf341","9","","","","apt"
"apt.0x.0xa7c35b85a72c967777d3fcffd739368af9a2c676e23797c66357769b2cbbf341","Aptos Mainnet Wallet 151 vesting tokens","","","22","","","",""
"ulawXaTKqzO5MVXOKXTt","Aptos Mainnet Wallet 153","","0xaae3dbc92ad472ce5312b6e1f79ec467f37d027ca6064e78475c0f724feea088","9","","","","apt"
"OyLHYhObnDvupbYlmnU4","Aptos Mainnet Wallet 154","","0x07c0f53feccc51bcb3949243ae730db38eee482631a2ee432b28752f2ec19a3f","9","","","","apt"
"apt.0x.0x07c0f53feccc51bcb3949243ae730db38eee482631a2ee432b28752f2ec19a3f","Aptos Mainnet Wallet 154 vesting tokens","","","22","","","",""
"cPqCyqFIiAztN13V0YRH","Aptos Mainnet Wallet 155","","0xe026e8f4d0ce45c7bdc413455a5444dc8ef5dc405720c0bc2b652bcf3678f0b7","9","","","","apt"
"apt.0x.0xe026e8f4d0ce45c7bdc413455a5444dc8ef5dc405720c0bc2b652bcf3678f0b7","Aptos Mainnet Wallet 155 vesting tokens","","","22","","","",""
"KfspQXdBeGQNH3PIDJ28","Aptos Mainnet Wallet 157","","0x7581ea8156533ccd8f7fa3b78032fcbcee99e63aa5c9e068914950e2b84da608","9","","","","apt"
"apt.0x.0x7581ea8156533ccd8f7fa3b78032fcbcee99e63aa5c9e068914950e2b84da608","Aptos Mainnet Wallet 157 vesting tokens","","","22","","","",""
"VGakkp6FAdqOVZpHOdzS","Aptos Mainnet Wallet 168","","0x035efecb0c07a0ff0367ab01bd38840b796ad4df1959363a0d55495b2bb9fdc2","9","","","","apt"
"apt.0x1.0xaa07d109863572d2c7f3850b47fb43e47b457998902e8c64f3b9bc44fe66f148.382436115963136","Aptos Mainnet Wallet 168 vesting tokens","","","22","","","",""
"B0ZdKhKThHbPY6gFWljz","Aptos Mainnet Wallet 169","","0x8d6aabfbdf88a7199d286c35ef0a92abc6e0aafd5de09c747f19cfcf4b4c5670","9","","","","apt"
"apt.0x.0x8d6aabfbdf88a7199d286c35ef0a92abc6e0aafd5de09c747f19cfcf4b4c5670","Aptos Mainnet Wallet 169 vesting tokens","","","22","","","",""
"XQ1aPBwViVXTBsjvbmsW","Aptos Mainnet Wallet 17","","0x82a209a061f02239359417545d804f78fbbe4d3dfe9a7fbf748a21365ed20d9d","9","","","","apt"
"apt.0x.0x82a209a061f02239359417545d804f78fbbe4d3dfe9a7fbf748a21365ed20d9d","Aptos Mainnet Wallet 17 vesting tokens","","","22","","","",""
"27XP4gFTm3DtNesJ4CNx","Aptos Mainnet Wallet 171","","0xba417747fc94afde338f5031f556ee5ecec3da795f9e4afa607c724c5fe801bc","9","","","","apt"
"apt.0x1.0x6a6783b060213b4892c6da38530ccd274329bcbc4972d37f3ee4dc7b15db1640.382436115963136","Aptos Mainnet Wallet 171 vesting tokens","","","22","","","",""
"4EZWJpcMgqZQt7BGr5n5","Aptos Mainnet Wallet 174","","0x5cb5ca99d8947a08ee951ed9c994cebd946dacdf4d98441645eca5e6499fb285","9","","","","apt"
"apt.0x1.0x4d94fde3604cc27f9c2547b487ab4beaf559ccabe97e278925fa38cfc4ec6765.382436115963136","Aptos Mainnet Wallet 174 vesting tokens","","","22","","","",""
"veYqNcfnuIw7uuT8Czo5","Aptos Mainnet Wallet 175","","0x1d2cf6993441ae8717a6ef7e29ed7aa07ec3110514354e16e9b633b59bb94a91","9","","","","apt"
"apt.0x.0x1d2cf6993441ae8717a6ef7e29ed7aa07ec3110514354e16e9b633b59bb94a91","Aptos Mainnet Wallet 175 vesting tokens","","","22","","","",""
"ONnIOfEffnzxOG2WSFfm","Aptos Mainnet Wallet 176","","0xe016e35ae14826e5831913482c7a625c29a9a2b17e330490ffa2b0515e1710ba","9","","","","apt"
"V5qLnsAJhwm8OmE0wzcJ","Aptos Mainnet Wallet 183","","0x8a78c7d3a66bb09251622a682f8d1336cf134677487f636c8e815717345784a3","9","","","","apt"
"apt.0x.0x8a78c7d3a66bb09251622a682f8d1336cf134677487f636c8e815717345784a3","Aptos Mainnet Wallet 183 Staked Balance","","","22","","","",""
"I4VQBHrHmMX09sqxfC3k","Aptos Mainnet Wallet 184","","0x5b84f643a92ec5259123be474679f28f5f232e9ab178db0de38b79edd28419b7","9","","","","apt"
"apt.0x.0x5b84f643a92ec5259123be474679f28f5f232e9ab178db0de38b79edd28419b7","Aptos Mainnet Wallet 184 vesting tokens","","","22","","","",""
"klqdh3DpVWG2iico1LSR","Aptos Mainnet Wallet 185","","0xce7ff9f0b8bbf80b240bd86c389a3bbfe9bb59219da0679680fe2acd6fb85393","9","","","","apt"
"apt.0x.0xce7ff9f0b8bbf80b240bd86c389a3bbfe9bb59219da0679680fe2acd6fb85393","Aptos Mainnet Wallet 185 vesting tokens","","","22","","","",""
"S91vDvDaXOR6gFn6GVlk","Aptos Mainnet Wallet 186","","0x0756c80f0597fc221fe043d5388949b34151a4efe5753965bbfb0ed7d0be08ea","9","","","","apt"
"leCoNShXLHNhE8suVoeb","Aptos Mainnet Wallet 187","","0x08ef33d146a95f085fbcf9fd0ed5362de7bc69db5c7d5d9dfd3d8c8acd92b559","9","","","","apt"
"oLQKUUtffZltmOtluvgp","Aptos Mainnet Wallet 188","","0xc4fce0915e96da42bafa97db7e497896e87763bdd3634486ec4e8a5353183503","9","","","","apt"
"U6nz76SXRYumyUWDtQGr","Aptos Mainnet Wallet 189","","0x94685b08149f4eae3c75d21287a2f3b74131dae2a0cb7b04adcefca0af644229","9","","","","apt"
"RBpIy9RxJ3WObsUrmHw7","Aptos Mainnet Wallet 19","","0x9342065552aa86d663bd13b1b43000da75add0f1fa422882d56377a9e6208a3a","9","","","","apt"
"apt.0x.0x9342065552aa86d663bd13b1b43000da75add0f1fa422882d56377a9e6208a3a","Aptos Mainnet Wallet 19 vesting tokens","","","22","","","",""
"XAEGgthXTek01dtA69ln","Aptos Mainnet Wallet 190","","0xaa321de84b692666439086bf2bd251f56c9a5d7cc129d8600442093519d8100b","9","","","","apt"
"sKKmT4VRzdMsY5ZcAPWo","Aptos Mainnet Wallet 191","","0x2fccfed3d745d80b8f72dc5235bec7d82d5fe80c63ab851e4eb22e1829cdcdaa","9","","","","apt"
"qInei5cPT1TpAoyD9l5Y","Aptos Mainnet Wallet 192","","0x6064d2f4c38b65e9b78fbdf8a80f084159341d47b5e0c192492923326d1bed0a","9","","","","apt"
"Dk6afYe24zrMg00O6THa","Aptos Mainnet Wallet 193","","0x54ba224e60b095a35322a851adf92e81dd6cb7fd9ee4e2e9a281681501892ec8","9","","","","apt"
"2Ihcn35ETyr9nNLwTWEq","Aptos Mainnet Wallet 194","","0x96617758ab2df2e871c2248384a43c4427a0a072e789538bea083283d2fef0b5","9","","","","apt"
"pp2j8FDWzS6rGzXSBmlh","Aptos Mainnet Wallet 195","","0x5870c0c294fb3916567a759937b6ac82732ff35ef284b5563503b9dfc84c8d4b","9","","","","apt"
"XHYSz1fp2sx0qTVkLuJF","Aptos Mainnet Wallet 197","","0xcd30fbbda98b2aed026772c13e5ed90a7f056b589ef9e78cd96415e1af12451c","9","","","","apt"
"Ylqp86SMBL5ek9CvAYDd","Aptos Mainnet Wallet 198","","0xdff789994702c4638b0da2c11e2cc69ea63438c2643debfc01a60a8c17e79ff3","9","","","","apt"
"apt.0x.0xdff789994702c4638b0da2c11e2cc69ea63438c2643debfc01a60a8c17e79ff3","Aptos Mainnet Wallet 198 Staked Balance","","","22","","","",""
"kjD6UvwdiLiHqWTFqeiD","Aptos Mainnet Wallet 199","","0xb4df284e06648c3fa3bd0c39266f48ba6a97607d04f8a92bd17f658dcc2a1bd3","9","","","","apt"
"apt.0x.0xb4df284e06648c3fa3bd0c39266f48ba6a97607d04f8a92bd17f658dcc2a1bd3","Aptos Mainnet Wallet 199 Staked Balance","","","22","","","",""
"sSmL9F53H9kHmeNgEDdB","Aptos Mainnet Wallet 200","","0xccc221485ee530f3981f4beca12f010d2e7bb38d3fe30bfcf7798d99f4aabb33","9","","","","apt"
"apt.0x.0xccc221485ee530f3981f4beca12f010d2e7bb38d3fe30bfcf7798d99f4aabb33","Aptos Mainnet Wallet 200 Staked Balance","","","22","","","",""
"snzhxsqfnrK3AHVDwhrV","Aptos Mainnet Wallet 201","","0xf66a130c734a112a5d84c718a1e82a70f2b94ee1195a042cbd5f27081810d7f5","9","","","","apt"
"btc.0x.0xf66a130c734a112a5d84c718a1e82a70f2b94ee1195a042cbd5f27081810d7f5","Aptos Mainnet Wallet 201 Staked Balance","","","22","","","",""
"C4T8VC2YtSvMdyxzqIzl","Aptos Mainnet Wallet 202","","0x9931f41f7286e16c227dd7ecdacfa438042faf83e352e4602211eae92bd4871b","9","","","","apt"
"apt.0x.0x9931f41f7286e16c227dd7ecdacfa438042faf83e352e4602211eae92bd4871b","Aptos Mainnet Wallet 202 Staked Balance","","","22","","","",""
"xWbNQYYzDftn6Us5NSVU","Aptos Mainnet Wallet 203","","0x48ef004ba16b0a3ea7f04d32a9bef6573169197654c40c81ee46b4dd0ae9f892","9","","","","apt"
"n1UrvL13BgTIQ0v8TilD","Aptos Mainnet Wallet 204","","0x21b22d459a29cdd663e7bcfd7f1906dd93d8d9fe8099b4c68fe93aadb6250de6","9","","","","apt"
"EkHaNDeJOO0v1tmpkuYN","Aptos Mainnet Wallet 205","","0x535558440c939163fbff65253a4ce2cf7a16b3144337dbea1f8e0e5cdeb89ffe","9","","","","apt"
"1ihWs5JFO6d7RXxJBTFb","Aptos Mainnet Wallet 206","","0x215ef071cb38327801144643eaffcf8f9da70b5e0424f6142a83c7377a6e0715","9","","","","apt"
"5H80hgrr4tfgeqSX9eHK","Aptos Mainnet Wallet 207","","0x5f72f368a64e36af7245b5f0de541de8c8d289622166ae09b72249bf911b841a","9","","","","apt"
"D8zPjogYPMQxhDyrCztq","Aptos Mainnet Wallet 208","","0x79446f36e69792bad7dc1c2c271b57dceb9132364f425abcba1c91dcc16903a0","9","","","","apt"
"1ut5UCgDmtKW3ZsWMcAD","Aptos Mainnet Wallet 209","","0x677aa8bad1137f9afd54f19929f071bda27f2bcc23b476d0f24efa81a8c43e36","9","","","","apt"
"tQEcB0NEkxWmfZVJzgBj","Aptos Mainnet Wallet 210","","0xc5ec99a7823519ea8535adc22c114132342484eae7b71cce18c4a6a3f0b8669a","9","","","","apt"
"Chyd8GIYvZ6TEkn1mfXb","Aptos Mainnet Wallet 211","","0xf8a0e99649ba484f2e2dd0ea5c2d30b4ef85f77e10bb13222be94afbf0974d7d","9","","","","apt"
"KsxyG6dyeqnutUB1Do5B","Aptos Mainnet Wallet 212","","0x32e83d55b9e536919837285b2501a93f43862f99297a27ef776154a94c6989a5","9","","","","apt"
"GHsgCrN6SovM4GbiiYhr","Aptos Mainnet Wallet 213","","0x43f294b8144b1ccc53821084d5e5a8d8e01c0a49304f5103fc5dff74659b3107","9","","","","apt"
"DH46c7e0sWYWw0x4EZuc","Aptos Mainnet Wallet 214","","0x4a37786aa960a0fa8b5d547182b61d41be313aedc6c8a6a62b2ebc8a9496db5a","9","","","","apt"
"Eim8Orn7hb2lFjT46K2M","Aptos Mainnet Wallet 216","","0xaa07d109863572d2c7f3850b47fb43e47b457998902e8c64f3b9bc44fe66f148","9","","","","apt"
"53XYeBT7LsbxSxzaNLm9","Aptos Mainnet Wallet 218","","0xddef941d8d67604f6f8cd7370e199655a749576111cf1e179af702da23dd2b22","9","","","","apt"
"apt.0x.0xddef941d8d67604f6f8cd7370e199655a749576111cf1e179af702da23dd2b22","Aptos Mainnet Wallet 218 Staked Balance","","","22","","","",""
"popUHJvGRsvG28BCYOmT","Aptos Mainnet Wallet 220","","0x9189f547224e8136338649c3bc3ea3af5ae81e165c83fb3afcd356b0b00ad4be","9","","","","apt"
"PGAhHsozztY5rE9pM7LC","Aptos Mainnet Wallet 221","","0xc4599c79e78aa795b14633f035ae9755dee9600927624d11a8064acc6f305486","9","","","","apt"
"apt.0x1.0xc4599c79e78aa795b14633f035ae9755dee9600927624d11a8064acc6f305486","Aptos Mainnet Wallet 221 Staked Balance","","","22","","","",""
"Q5H7WtGwUGqovUgn3w3Y","Aptos Mainnet Wallet 222","","0xa91ea5957f7b8dae65e52e28e4bf582bd8a2000a27e9672753ef73decbf7be07","9","","","","apt"
"TzYJEIN2kJXs2ju451hd","Aptos Mainnet Wallet 226","","0xc23c6b1b157b4ef4da1d97312d0f0d2359914ffd541048744ef4be0a7c61efb9","9","","","","apt"
"apt.0x.0xc23c6b1b157b4ef4da1d97312d0f0d2359914ffd541048744ef4be0a7c61efb9","Aptos Mainnet Wallet 226 Staked Balance","","","22","","","",""
"npVzCPzJcxfMC0QQXzJd","Aptos Mainnet Wallet 227","","0x55111beec1a5247ab4577e9870832b9588929fffe3e1b0ecc56eb3da4d1dd8ab","9","","","","apt"
"apt.0x.0x55111beec1a5247ab4577e9870832b9588929fffe3e1b0ecc56eb3da4d1dd8ab","Aptos Mainnet Wallet 227 Staked Balance","","","22","","","",""
"XMl89l7iVU6jTdshjif7","Aptos Mainnet Wallet 228","","0x9f2e063d93e00d795e881137d3b7a5e4ee540daae00d610223e349a1ec41a0ae","9","","","","apt"
"apt.0x.0x9f2e063d93e00d795e881137d3b7a5e4ee540daae00d610223e349a1ec41a0ae","Aptos Mainnet Wallet 228 Staked Balance","","","22","","","",""
"phkCdYxrXQXhqeTSapNN","Aptos Mainnet Wallet 23","","0x0773be794dd34c38407d9cf8e9f6b382c81ebee4334aec8b4939fcc6cd0e0e33","9","","","","apt"
"apt.0x1.0x81f33081a7546b9b3a040f7bfa047ff28a5bb9707072074ad57469b0e885218d.382436115963136","Aptos Mainnet Wallet 23 vesting tokens","","","22","","","",""
"PRITG6uRLjnQHAhY3ElU","Aptos Mainnet Wallet 230","","0x5c7009064f63e2b82a6999e69e7359bfa129f37249791ce30ef47c4f0c42c66a","9","","","","apt"
"apt.0x.0x5c7009064f63e2b82a6999e69e7359bfa129f37249791ce30ef47c4f0c42c66a","Aptos Mainnet Wallet 230 Staked Balance","","","22","","","",""
"RBN4AlLAlEnpEcp6NxdS","Aptos Mainnet Wallet 233","","0x202191439b23bca6bfce51597124291f951daccd60fa7c678d78858c7612d3e5","9","","","","apt"
"X556mO2nliPZj93oYkcX","Aptos Mainnet Wallet 236","","0x4d94fde3604cc27f9c2547b487ab4beaf559ccabe97e278925fa38cfc4ec6765","9","","","","apt"
"apt.0x.0x4d94fde3604cc27f9c2547b487ab4beaf559ccabe97e278925fa38cfc4ec6765","Aptos Mainnet Wallet 236 Staked Balance","","","22","","","",""
"qwEeKX46vVRG8hcif9XK","Aptos Mainnet Wallet 238","","0xf74922a3ef2331f5621959aad09a4067bead090525aae564024554f2f93f4d18","9","","","","apt"
"nm3X9BPO99GczbMoV0x5","Aptos Mainnet Wallet 24","","0xc65d3d252f87d4244048771c803ae5247bd349822a7df66893806441e1b4e90f","9","","","","apt"
"apt.0x1.0x55111beec1a5247ab4577e9870832b9588929fffe3e1b0ecc56eb3da4d1dd8ab.382436115963136","Aptos Mainnet Wallet 24 vesting tokens","","","22","","","",""
"5YlftEtpTEl7of8mCCAo","Aptos Mainnet Wallet 243","","0x072c78c9ce114fbb9acadb0ac1e235cd9fc0fc4c3ee618d4416818c43ecc01c9","9","","","","apt"
"R6XpFCtrAhPmtWBDKIBG","Aptos Mainnet Wallet 245","","0xb1fe5517c3a927978a9e50b89a4f582d11bf8f987ff77630723a9c49960db018","9","","","","apt"
"bJaI10BiLzdwOeYZw9qm","Aptos Mainnet Wallet 246","","0xbf4eae0d614b8a7207cd0f8df9cc3fb5a3663616ec76ab397d82d29de712f693","9","","","","apt"
"apt.0x.0xbf4eae0d614b8a7207cd0f8df9cc3fb5a3663616ec76ab397d82d29de712f693","Aptos Mainnet Wallet 246 Staked Balance","","","22","","","",""
"1VqlcNX0BEloINHFU2P3","Aptos Mainnet Wallet 247","","0x67575e0d56a26a1a6dc6005a7b0c4647b2b5c78a2234aac52cba2bfc713ecf0d","9","","","","apt"
"WWRi7MZrNfJHk56mEKjP","Aptos Mainnet Wallet 248","","0x8b2b0f85b2c6d913f97f0ad5180c6f8a295c08b86ed7d07a63545b97c4b00355","9","","","","apt"
"EEFuDq1KirTxb91UNoKD","Aptos Mainnet Wallet 249","","0x6c84007e93701be49838cde2be39a26f4acfffb3b45d028080649809c8d77952","9","","","","apt"
"W0WQMYM4vbPq0Qd2skj2","Aptos Mainnet Wallet 250","","0x6a6783b060213b4892c6da38530ccd274329bcbc4972d37f3ee4dc7b15db1640","9","","","","apt"
"apt.0x.0x6a6783b060213b4892c6da38530ccd274329bcbc4972d37f3ee4dc7b15db1640","Aptos Mainnet Wallet 250 Staked Balance","","","22","","","",""
"N0nvu806NetCOTiVDnrC","Aptos Mainnet Wallet 251","","0x38e1b87887946977b5170a299bbaba2e2b728c5ef96847a4482973706c810112","9","","","","apt"
"3y5yadJgCl8QpaoRhsQ2","Aptos Mainnet Wallet 254","","0x0d24ecb979d3031f198f0e76ed22894c1b8f8af5ab944f5659c6f0bcc628f10a","9","","","","apt"
"fdMrAME5k4Sb2cBmAIKy","Aptos Mainnet Wallet 256","","0x81f33081a7546b9b3a040f7bfa047ff28a5bb9707072074ad57469b0e885218d","9","","","","apt"
"SYGkGNAItYRPdwL6MD9m","Aptos Mainnet Wallet 257","","0x74b0c27c7d3b89b22962f6a609ef9a11cde10756045273163f35175e7cb164f5","9","","","","apt"
"apt.0x.0x74b0c27c7d3b89b22962f6a609ef9a11cde10756045273163f35175e7cb164f5","Aptos Mainnet Wallet 257 Staked Balance","","","22","","","",""
"JLFl98I13MEb0xZDJNJf","Aptos Mainnet Wallet 258","","0x53496ba0c3974434add4bea19ba2dc5aa63713dc30b566ff5062d94357d8b348","9","","","","apt"
"wH4cxVzsfirP0WPC6kfK","Aptos Mainnet Wallet 259","","0x9201d69100aaa13f6ae3e2f7db87f08cb25c43f6134bd62855970e2f13e81898","9","","","","apt"
"cdLuXe6dnLqGUx65jbho","Aptos Mainnet Wallet 260","","0xe87747b6faa3f5095341714fba8edf6b4b88489cdf33e1192fe23c8fb3509dc6","9","","","","apt"
"exGnYAGWLS7dUFDSSHsg","Aptos Mainnet Wallet 264","","0xa32e6f8dc6747b53d75e57e79b539aa641711604aaedac98ab84a73f30c7617a","9","","","","apt"
"Jt0xc4l1JoVfHRLibm0V","Aptos Mainnet Wallet 266","","0x1df9fc0f3908ddc1025c91d774ba7954404ae710a3ebc4d25bc7bf7fcb26ffb4","9","","","","apt"
"RG6U1EwUuarpkrWz3LAe","Aptos Mainnet Wallet 267","","0xed2c3d0826094963df0ee80c3b28555e3024f5ecf6b9beb88f26379fa19b3b7f","9","","","","apt"
"7UAer4QIuzQ4I1obWPsJ","Aptos Mainnet Wallet 268","","0x0bb4d4cea83abc7acef52cb4e167805be446d647b91989c6e0b4f71c45e54baa","9","","","","apt"
"TriA1hvDHaWVuyxNdUxF","Aptos Mainnet Wallet 301","","0xaaa9c5fb3b4855e1569321041febcc1146b44af3f08893d4ce41846cc7e25645","9","","","","apt"
"kVphc396apWY2XoKAePz","Aptos Mainnet Wallet 303","","0x5711fd997e7ad78dbbf1e8cb0b89af50f4f013d6114afb2fd0c520fa763f68e2","9","","","","apt"
"wDojtDI52MisSPv20x0R","Aptos Mainnet Wallet 306","","0xb64719986e834691b58d2c5ee923a367ffcb80eed93e8b71c5e0b5fe189fac49","9","","","","apt"
"apt.0x.0xb64719986e834691b58d2c5ee923a367ffcb80eed93e8b71c5e0b5fe189fac49","Aptos Mainnet Wallet 306 Staked Balance","","","22","","","",""
"GkXp8V81AnWXDjnNckLs","Aptos Mainnet Wallet 307","","0x702ebda8da252a8771b9cfa7d5cf837549ddb6d4863a875a114298649d9faaec","9","","","","apt"
"OGtgUeLQgZJlWTQkooRf","Aptos Mainnet Wallet 308","","0xabc5ddee336de6fd180a987ddecfa7e6d0f9399741f9f08f0b6789548e92f6ef","9","","","","apt"
"apt.0x.0xabc5ddee336de6fd180a987ddecfa7e6d0f9399741f9f08f0b6789548e92f6ef","Aptos Mainnet Wallet 308 Staked Balance","","","22","","","",""
"t1JfY0gF7Qgo4GEngOq3","Aptos Mainnet Wallet 31","","0xf949e46b05a1414ec6b5de673ce331e4dd6e351e43dc2b70f2e3639d468eba6f","9","","","","apt"
"apt.0x1.0x74b0c27c7d3b89b22962f6a609ef9a11cde10756045273163f35175e7cb164f5.382436115963136","Aptos Mainnet Wallet 31 vesting tokens","","","22","","","",""
"O4FyjWLIgYW3TI6MAqt7","Aptos Mainnet Wallet 32","","0x834b4d54d30d3c58a5f791cd4bc80ce5919c062575f8b98c1b671b1a222e29ac","9","","","","apt"
"EHaqhjJ38yf5Q5mO51py","Aptos Mainnet Wallet 36","","0x6171a66ef37f2c9f5065142b01d8139409453b29753fe19cb0356be08c930751","9","","","","apt"
"apt.0x1.0xbf4eae0d614b8a7207cd0f8df9cc3fb5a3663616ec76ab397d82d29de712f693.382436115963136","Aptos Mainnet Wallet 36 vesting tokens","","","22","","","",""
"tfI9FaLn8PvI74YlUrDJ","Aptos Mainnet Wallet 37","","0x065e1ec4bfffd4592379e729e5a595254bda27cc3521889e1770aa3370cacd18","9","","","","apt"
"OYDc0YG4DC7VXbcL3TjE","Aptos Mainnet Wallet 39","","0x1720fe518f0a2573a61704de1d07f430df87a1549e70697c54d56c0445ee88f7","9","","","","apt"
"OT6fgNzWLTZTb3SWYhth","Aptos Mainnet Wallet 48","","0xb69f4f7bb52ed7b111afe95d6492bb5addeac81fa734f087f5b6315981ac9f90","9","","","","apt"
"PRQKGLlBTH00ttqfyWLb","Aptos Mainnet Wallet 50","","0xb71a9c7dbce47be1706566aeb2b47d60f24b52aec039bd78e58fee77a71bece4","9","","","","apt"
"apt.0x.0xb71a9c7dbce47be1706566aeb2b47d60f24b52aec039bd78e58fee77a71bece4","Aptos Mainnet Wallet 50 Staked Balance","","","22","","","",""
"0VtpncYrsq2FBt7Mxj0E","Aptos Mainnet Wallet 52","","0x258bc02e81cc57b7e3383eb5866513428257fefde8e69684215add52aa0abd8b","9","","","","apt"
"apt.0x.0x258bc02e81cc57b7e3383eb5866513428257fefde8e69684215add52aa0abd8b","Aptos Mainnet Wallet 52 Staked Balance","","","22","","","",""
"xrEzpCQYGpErpwo3QvkY","Aptos Mainnet Wallet 53","","0x0bddf6990a52fce1c29f69b6196150143e9ac44e4984bbc52741e60f422817da","9","","","","apt"
"apt.0x1.0x9f2e063d93e00d795e881137d3b7a5e4ee540daae00d610223e349a1ec41a0ae.382436115963136","Aptos Mainnet Wallet 53 vesting tokens","","","22","","","",""
"YrFFWWzoxRIdLwnoF6kG","Aptos Mainnet Wallet 55","","0x6e745e1fec530a6e8cbb37636591da99da53114dd6dd63732d3d6b0fe3d3a6ef","9","","","","apt"
"apt.0x.0x6e745e1fec530a6e8cbb37636591da99da53114dd6dd63732d3d6b0fe3d3a6ef","Aptos Mainnet Wallet 55 vesting tokens","","","22","","","",""
"CTPXwy52KE7P7899MujJ","Aptos Mainnet Wallet 58","","0xee86edd0102ba974725bce23b126d922aaf76d3e53f715a842aaffa301483ed3","9","","","","apt"
"apt.0x.0xee86edd0102ba974725bce23b126d922aaf76d3e53f715a842aaffa301483ed3","Aptos Mainnet Wallet 58 Vesting Tokens","","","22","","","",""
"wNShRpwkXxyAOYWoyLfc","Aptos Mainnet Wallet 6","","0x1af1823ca71a9cbd37005e7a4b4b3815fb26ce25cc53ec633aadd7ebade11dc2","9","","","","apt"
"apt.0x1.0x5c7009064f63e2b82a6999e69e7359bfa129f37249791ce30ef47c4f0c42c66a.382436115963136","Aptos Mainnet Wallet 6 vesting tokens","","","22","","","",""
"7Fjt4SGM0vcyFeWHJKhY","Aptos Mainnet Wallet 62","","0xc017e802c25f519f26209785a88c2688b2b75caeca3624f12fdf9274a02874d5","9","","","","apt"
"apt.0x.0xc017e802c25f519f26209785a88c2688b2b75caeca3624f12fdf9274a02874d5","Aptos Mainnet Wallet 62 vesting tokens","","","22","","","",""
"Z9E32MVE2ffU0r6r1G8U","Aptos Mainnet Wallet 65","","0x7b7ebee202201e23f3d443d97d8884a83dd5933be59e033ce8273dd82b66af1a","9","","","","apt"
"apt.0x1.0xc23c6b1b157b4ef4da1d97312d0f0d2359914ffd541048744ef4be0a7c61efb9.382436115963136","Aptos Mainnet Wallet 65 vesting tokens","","","22","","","",""
"vBEKRGkNIi0Fqx0v02Gx","Aptos Mainnet Wallet 66","","0xd90a51dc740b22ac487139962e6e0e0c2b694b98af01ddc39c4ae46d62ae3e9c","9","","","","apt"
"apt.0x.0xd90a51dc740b22ac487139962e6e0e0c2b694b98af01ddc39c4ae46d62ae3e9c","Aptos Mainnet Wallet 66 Staked Balance","","","22","","","",""
"DTKmVvZuSprWq5wJZIJn","Aptos Mainnet Wallet 67","","0xe96d0792cd62b99f434e542c5dd9b4e146e71bad5ccbff65c51a350f9972d0fe","9","","","","apt"
"lEvex6f7Q66tlMSOOMZV","Aptos Mainnet Wallet 70","","0x8d4184a18addf3a54ee2d8c120e9b1de5e929f22057b87b9ef2abee38c6784bd","9","","","","apt"
"apt.0x.0x8d4184a18addf3a54ee2d8c120e9b1de5e929f22057b87b9ef2abee38c6784bd","Aptos Mainnet Wallet 70 vesting tokens","","","22","","","",""
"B1vKzo2W0ASP70Ff1tOl","Aptos Mainnet Wallet 71","","0xdd79bb077b5480786e4aad7823c2f56368d7c7cdb4350d0cafa735939c1c2d4c","9","","","","apt"
"apt.0x.0xdd79bb077b5480786e4aad7823c2f56368d7c7cdb4350d0cafa735939c1c2d4c","Aptos Mainnet Wallet 71 vesting tokens","","","22","","","",""
"qT07kDUZ6AoW1J8EiAg6","Aptos Mainnet Wallet 73","","0x9b95702596a45d806ae6ef2a17b955e140c79fed84590ea2aa7f0fdc3440dd00","9","","","","apt"
"apt.0x.0x9b95702596a45d806ae6ef2a17b955e140c79fed84590ea2aa7f0fdc3440dd00","Aptos Mainnet Wallet 73 Staked Balance","","","22","","","",""
"r2pdnZUMCnow9TEwK4DM","Aptos Mainnet Wallet 74","","0x4b705711e08994790da690388ad07f5391f7258aa47af41c7e5545cd28c4a4ab","9","","","","apt"
"nqZ4Kqtaxy3XPM7VEX9k","Aptos Mainnet Wallet 75","","0x75d82b3fb50875a6858311ff7686b4a5062ed1547ca615c664b6e5b8c4cad399","9","","","","apt"
"apt.0x.0x75d82b3fb50875a6858311ff7686b4a5062ed1547ca615c664b6e5b8c4cad399","Aptos Mainnet Wallet 75 vesting tokens","","","22","","","",""
"6DZAvMP1tsFmZUOnDV4R","Aptos Mainnet Wallet 76","","0xb75ba0117fd363a54dc976636d003958bf36124cc9bfc6f8e8a953f053ab14ca","9","","","","apt"
"apt.0x.0xb75ba0117fd363a54dc976636d003958bf36124cc9bfc6f8e8a953f053ab14ca","Aptos Mainnet Wallet 76 Staked Balance","","","22","","","",""
"bpfioPNYt9uaoLOVV2us","Aptos Mainnet Wallet 78","","0xd6d70afbe79d002f1ad135025deccd5a8257c61a4725c8b69291929173717bbb","9","","","","apt"
"apt.0x.0xd6d70afbe79d002f1ad135025deccd5a8257c61a4725c8b69291929173717bbb","Aptos Mainnet Wallet 78 vesting tokens","","","22","","","",""
"p8JbpIOyhT3EebkDwTU7","Aptos Mainnet Wallet 84","","0x8a2b9c9815d07e049dab7b02ad6104bff5adb539948b731ceaf38f8c6f151bf4","9","","","","apt"
"apt.0x.0x8a2b9c9815d07e049dab7b02ad6104bff5adb539948b731ceaf38f8c6f151bf4","Aptos Mainnet Wallet 84 vesting tokens","","","22","","","",""
"1SB5vuZxsyOGppgE697W","Aptos Mainnet Wallet 85","","0x9503582321f1ddf75ee5bce7c6a27f3ad105c2f4b6426367c662e93f46cd4f0c","9","","","","apt"
"apt.0x.0x9503582321f1ddf75ee5bce7c6a27f3ad105c2f4b6426367c662e93f46cd4f0c","Aptos Mainnet Wallet 85 vesting tokens","","","22","","","",""
"Vatpx0F6a5WxoJjni4ds","Aptos Mainnet Wallet 87","","0x9ff36d0476bd923f29e43fae2c251d5a02c3532e4dde18270ff2882378d62226","9","","","","apt"
"uRWE8WZQDlD6bUMBAzVO","Aptos Mainnet Wallet 88","","0x28007cdf67281f26c30bccb7651c582880fff7007bb83fc85a3e080213e7b3ae","9","","","","apt"
"apt.0x.0x28007cdf67281f26c30bccb7651c582880fff7007bb83fc85a3e080213e7b3ae","Aptos Mainnet Wallet 88 vesting tokens","","","22","","","",""
"zKvo8JPVoWoJBXiIEeAL","Aptos Mainnet Wallet 90","","0x887dbc66257a99518b98ffc0b86ab84dd9974aea1667498623540d5bbb66bfba","9","","","","apt"
"apt.0x.0x887dbc66257a99518b98ffc0b86ab84dd9974aea1667498623540d5bbb66bfba","Aptos Mainnet Wallet 90 Staked Balance","","","22","","","",""
"gvL5q1NO1BIVeVRHOeHy","Aptos Mainnet Wallet 93","","0x64b21481a432f9a9afdc134bad91e8a3361556db8fdb618978780b201ca0c913","9","","","","apt"
"apt.0x.0x64b21481a432f9a9afdc134bad91e8a3361556db8fdb618978780b201ca0c913","Aptos Mainnet Wallet 93 vesting tokens","","","22","","","",""
"STlPOXUxicCm2WHyfCHo","Aptos Mainnet Wallet 97","","0x256724e94b026171601ff9d16fb5eb8ef08b10b7b19e374e017653db84816787","9","","","","apt"
"apt.0x.0x256724e94b026171601ff9d16fb5eb8ef08b10b7b19e374e017653db84816787","Aptos Mainnet Wallet 97 vesting tokens","","","22","","","",""
"BOF5bePOCHApT6IuHJ88","Aptos Mainnet Wallet 98","","0x40236e3f4ee2f7e1b15795edc10d8bf7e07aad93ae94051a3efe7a95efef02f7","9","","","","apt"
"apt.0x.0x40236e3f4ee2f7e1b15795edc10d8bf7e07aad93ae94051a3efe7a95efef02f7","Aptos Mainnet Wallet 98 vesting tokens","","","22","","","",""
"7qQHlJ7Dzc49v4uHQsAi","Coinbase Aptos Wallet 1","","0x2a3951ca94ae2eec32d583e5b2fad01d6509bddf56228e91539f82ec379bd4f9","9","","","","apt"
"f4FTR9bCn5bhMuPNQm6Q","Coinbase Aptos Wallet 2","","0xb0662deb05232b5cc11a21c736d1deb272c48f8e693c91ec9b8845df223e4642","9","","","","apt"
"apt.0x.0xb0662deb05232b5cc11a21c736d1deb272c48f8e693c91ec9b8845df223e4642","Coinbase Aptos Wallet 2 Staked Balance","","","22","","","",""
"DTosEdzIoFbpROFfVzXG","Coinbase Aptos Wallet 3","","0xb151002e448a56fc775973e3d49809e996701694746362ec9d461bff98179061","9","","","","apt"
"apt.0xb151002e448a56fc775973e3d49809e996701694746362ec9d461bff98179061.0x","Coinbase Aptos Wallet 3 Staked Balance","","","22","","","",""
"o6ZhaPhkCIZC9A60OW9L","Coinbase Aptos Wallet 4","","0x9876c642821cc6b7b8516d442758290b5b1a92c8f5ab9a215a767f198ea5ff0c","9","","","","apt"
"apt.0x.0x9876c642821cc6b7b8516d442758290b5b1a92c8f5ab9a215a767f198ea5ff0c","Coinbase Aptos Wallet 4 Staked Balance","","","22","","","",""
"lUH70OHYr0WEQEkSpLAg","Coinbase Aptos Wallet 6","","0x688e90d6b0f078655429e640627d25647265f1d4903ba994812fa3199634bb17","9","","","","apt"
"GJuYbvTVgFOWhg2pSjLq","Coinbase Aptos Wallet 7","","0x3ba7c9bfd9cda914151a9dad1ad302de343ee210ad35983be70dc53d2e335b16","9","","","","apt"
"Yr3axPmIXUUuCRuUnKFb","Coinbase Aptos Wallet 8","","0x221f0772ec033abba7f6ead240a9752623c8b345a1f26c614d6adaa51d12188b","9","","","","apt"
"3Jgo91nL90v2uIUAfvel","Coinbase Aptos Wallet 9","","0x02b60ce6f2dfccb5f14fa881d173c60abc282ff39e5467f78c573ae3eebe8365","9","","","","apt"
"0zonIEQcoaazfVNbNoTa","Coinbase Corporate Wallet 1","","0x86114c4470870bc3db41d0f6bccfff0e70c7fdc3346c5fa6b3fd0046a9347503","9","","","","apt"
"apt.0x.0x86114c4470870bc3db41d0f6bccfff0e70c7fdc3346c5fa6b3fd0046a9347503","Coinbase Corporate Wallet 1 Staked Balance","","","22","","","",""
"InqnKfiCqdSW5PYtvBXA","Coinbase Corporate Wallet 2","","0xee482a204dcb86861680765377c5ec2c4b204110e9409f4da5dce9de5885b58c","9","","","","apt"
"apt.0x.0xee482a204dcb86861680765377c5ec2c4b204110e9409f4da5dce9de5885b58c","Coinbase Corporate Wallet 2 Staked Balance","","","22","","","",""
"4zxS9r3jb4vPI6ZelImD","Coinbase Corporate Wallet 3","","0x3aa48956d35b5009736d3e244d1a4efd291f18f7a578e7640d7ab1efb6648281","9","","","","apt"
"apt.0x.0x3aa48956d35b5009736d3e244d1a4efd291f18f7a578e7640d7ab1efb6648281","Coinbase Corporate Wallet 3 Staked Balance","","","22","","","",""
"B5moeDWB8TANuCcJAUwX","Coinbase Corporate Wallet 4","","0xea171c55d235315a70b80e6bc9c1aa5d4932e58c70d74fd4e343806b81e55aa5","9","","","","apt"
"apt.0x.0xea171c55d235315a70b80e6bc9c1aa5d4932e58c70d74fd4e343806b81e55aa5","Coinbase Corporate Wallet 4 Staked Balance","","","22","","","",""
"zlbM8xPQ4MZd1pPVegwk","Coinbase Corporate Wallet 5","","0xbdceea016b1f23fef28750d1b7358100b4118fd1768bfacf2a78693dcd9f9168","9","","","","apt"
"apt.0x.0xbdceea016b1f23fef28750d1b7358100b4118fd1768bfacf2a78693dcd9f9168","Coinbase Corporate Wallet 5 Staked Balance","","","22","","","",""
"jxj3yaw42KqwMrS6HDXT","Coinbase Corporate Wallet 6","","0xeb9f4f25e31230d39f5b07ca5e3bf72451afef1e2084a14ec48ac7def075cc22","9","","","","apt"
"apt.0x.0xeb9f4f25e31230d39f5b07ca5e3bf72451afef1e2084a14ec48ac7def075cc22","Coinbase Corporate Wallet 6 Staked Balance","","","22","","","",""
"p2lPlnx5UcDL4WMvhPre","Coinbase Corporate Wallet 7","","0xe89a3816fd4ba1f15eef69d8281b82482bf6ec077001c0b7ed5aae4f42d55ceb","9","","","","apt"
"apt.0x.0xe89a3816fd4ba1f15eef69d8281b82482bf6ec077001c0b7ed5aae4f42d55ceb","Coinbase Corporate Wallet 7 Staked Balance","","","22","","","",""
